id,group_id,decision_time,consensus_temp,sum_of_prices,estimated_edge,basket_json,virtual_stake_usd,status,resolved_at,actual_temp,winning_market_id,pnl_usd,rejection_reason,notes
1,439961,2026-05-04 08:01:33.432680,19.1441669464111,0.859,0.164144353899884,"[{""market_id"": ""2137374"", ""bin_label"": ""18\u00b0C"", ""bin_min"": 17.5, ""bin_max"": 18.5, ""price_yes"": 0.0015, ""stake_usd"": 2.0, ""shares"": 1333.3333}, {""market_id"": ""2137375"", ""bin_label"": ""19\u00b0C"", ""bin_min"": 18.5, ""bin_max"": 19.5, ""price_yes"": 0.0025, ""stake_usd"": 2.0, ""shares"": 800.0}, {""market_id"": ""2137376"", ""bin_label"": ""20\u00b0C"", ""bin_min"": 19.5, ""bin_max"": 20.5, ""price_yes"": 0.295, ""stake_usd"": 2.0, ""shares"": 6.7797}, {""market_id"": ""2137373"", ""bin_label"": ""17\u00b0C"", ""bin_min"": 16.5, ""bin_max"": 17.5, ""price_yes"": 0.0005, ""stake_usd"": 2.0, ""shares"": 4000.0}, {""market_id"": ""2137377"", ""bin_label"": ""21\u00b0C"", ""bin_min"": 20.5, ""bin_max"": 21.5, ""price_yes"": 0.5595, ""stake_usd"": 2.0, ""shares"": 3.5746}]",10.0,resolved_partial,2026-05-05 12:41:50.467912,20.3605003356934,2137376,-3.2203,,
2,439950,2026-05-04 11:12:40.125335,80.4800006866455,0.8615,0.160766105629716,"[{""market_id"": ""2137253"", ""bin_label"": ""78-79\u00b0F"", ""bin_min"": 78.0, ""bin_max"": 79.0, ""price_yes"": 0.0365, ""stake_usd"": 2.0, ""shares"": 54.7945}, {""market_id"": ""2137254"", ""bin_label"": ""80-81\u00b0F"", ""bin_min"": 80.0, ""bin_max"": 81.0, ""price_yes"": 0.19, ""stake_usd"": 2.0, ""shares"": 10.5263}, {""market_id"": ""2137255"", ""bin_label"": ""82-83\u00b0F"", ""bin_min"": 82.0, ""bin_max"": 83.0, ""price_yes"": 0.445, ""stake_usd"": 2.0, ""shares"": 4.4944}, {""market_id"": ""2137252"", ""bin_label"": ""76-77\u00b0F"", ""bin_min"": 76.0, ""bin_max"": 77.0, ""price_yes"": 0.006, ""stake_usd"": 2.0, ""shares"": 333.3333}, {""market_id"": ""2137256"", ""bin_label"": ""84-85\u00b0F"", ""bin_min"": 84.0, ""bin_max"": 85.0, ""price_yes"": 0.184, ""stake_usd"": 2.0, ""shares"": 10.8696}]",10.0,resolved_loss,2026-05-05 12:41:50.745236,81.006799697876,,-10.0,,
3,443298,2026-05-05 12:41:50.773080,14.0200001398722,0.1665,5.00600600600601,"[{""market_id"": ""2144673"", ""bin_label"": ""13\u00b0C"", ""bin_min"": 12.5, ""bin_max"": 13.5, ""price_yes"": 0.0005, ""stake_usd"": 2.0, ""shares"": 4000.0}, {""market_id"": ""2144674"", ""bin_label"": ""14\u00b0C"", ""bin_min"": 13.5, ""bin_max"": 14.5, ""price_yes"": 0.0005, ""stake_usd"": 2.0, ""shares"": 4000.0}, {""market_id"": ""2144675"", ""bin_label"": ""15\u00b0C"", ""bin_min"": 14.5, ""bin_max"": 15.5, ""price_yes"": 0.0005, ""stake_usd"": 2.0, ""shares"": 4000.0}, {""market_id"": ""2144672"", ""bin_label"": ""12\u00b0C"", ""bin_min"": 11.5, ""bin_max"": 12.5, ""price_yes"": 0.0, ""stake_usd"": 2.0, ""shares"": null}, {""market_id"": ""2144676"", ""bin_label"": ""16\u00b0C"", ""bin_min"": 15.5, ""bin_max"": 16.5, ""price_yes"": 0.165, ""stake_usd"": 2.0, ""shares"": 12.1212}]",10.0,resolved_win,2026-05-06 05:39:19.333639,13.4909992218018,2144673,3990.0,,
4,446704,2026-05-05 12:41:50.947529,23.6260013580322,0.616,0.623376623376623,"[{""market_id"": ""2152602"", ""bin_label"": ""23\u00b0C"", ""bin_min"": 22.5, ""bin_max"": 23.5, ""price_yes"": 0.165, ""stake_usd"": 2.0, ""shares"": 12.1212}, {""market_id"": ""2152603"", ""bin_label"": ""24\u00b0C"", ""bin_min"": 23.5, ""bin_max"": 24.5, ""price_yes"": 0.0025, ""stake_usd"": 2.0, ""shares"": 800.0}, {""market_id"": ""2152604"", ""bin_label"": ""25\u00b0C"", ""bin_min"": 24.5, ""bin_max"": 25.5, ""price_yes"": 0.0055, ""stake_usd"": 2.0, ""shares"": 363.6364}, {""market_id"": ""2152601"", ""bin_label"": ""22\u00b0C"", ""bin_min"": 21.5, ""bin_max"": 22.5, ""price_yes"": 0.44, ""stake_usd"": 2.0, ""shares"": 4.5455}, {""market_id"": ""2152605"", ""bin_label"": ""26\u00b0C"", ""bin_min"": 25.5, ""bin_max"": 26.5, ""price_yes"": 0.003, ""stake_usd"": 2.0, ""shares"": 666.6667}]",10.0,resolved_partial,2026-05-07 05:42:32.229484,22.3500003814697,2152601,-5.4545,,
5,443224,2026-05-05 12:41:51.005510,8.48666667938232,0.1175,7.51063829787234,"[{""market_id"": ""2144431"", ""bin_label"": ""7\u00b0C"", ""bin_min"": 6.5, ""bin_max"": 7.5, ""price_yes"": 0.0025, ""stake_usd"": 2.0, ""shares"": 800.0}, {""market_id"": ""2144432"", ""bin_label"": ""8\u00b0C"", ""bin_min"": 7.5, ""bin_max"": 8.5, ""price_yes"": 0.003, ""stake_usd"": 2.0, ""shares"": 666.6667}, {""market_id"": ""2144434"", ""bin_label"": ""9\u00b0C"", ""bin_min"": 8.5, ""bin_max"": 9.5, ""price_yes"": 0.009, ""stake_usd"": 2.0, ""shares"": 222.2222}, {""market_id"": ""2144428"", ""bin_label"": ""6\u00b0C"", ""bin_min"": 5.5, ""bin_max"": 6.5, ""price_yes"": 0.003, ""stake_usd"": 2.0, ""shares"": 666.6667}, {""market_id"": ""2144437"", ""bin_label"": ""10\u00b0C"", ""bin_min"": 9.5, ""bin_max"": 10.5, ""price_yes"": 0.1, ""stake_usd"": 2.0, ""shares"": 20.0}]",10.0,resolved_win,2026-05-06 05:39:19.349449,8.79099941253662,2144434,212.2222,,
6,446703,2026-05-05 12:41:51.042534,16.1388330459595,0.851,0.175088131609871,"[{""market_id"": ""2152589"", ""bin_label"": ""15\u00b0C"", ""bin_min"": 14.5, ""bin_max"": 15.5, ""price_yes"": 0.08, ""stake_usd"": 2.0, ""shares"": 25.0}, {""market_id"": ""2152590"", ""bin_label"": ""16\u00b0C"", ""bin_min"": 15.5, ""bin_max"": 16.5, ""price_yes"": 0.24, ""stake_usd"": 2.0, ""shares"": 8.3333}, {""market_id"": ""2152591"", ""bin_label"": ""17\u00b0C"", ""bin_min"": 16.5, ""bin_max"": 17.5, ""price_yes"": 0.47, ""stake_usd"": 2.0, ""shares"": 4.2553}, {""market_id"": ""2152588"", ""bin_label"": ""14\u00b0C"", ""bin_min"": 13.5, ""bin_max"": 14.5, ""price_yes"": 0.05, ""stake_usd"": 2.0, ""shares"": 40.0}, {""market_id"": ""2152592"", ""bin_label"": ""18\u00b0C"", ""bin_min"": 17.5, ""bin_max"": 18.5, ""price_yes"": 0.011, ""stake_usd"": 2.0, ""shares"": 181.8182}]",10.0,resolved_win,2026-05-07 05:42:32.484035,14.5954999923706,2152589,15.0,,
7,450179,2026-05-05 12:41:51.296636,18.0033334096273,0.637,0.569858712715856,"[{""market_id"": ""2161813"", ""bin_label"": ""17\u00b0C"", ""bin_min"": 16.5, ""bin_max"": 17.5, ""price_yes"": 0.195, ""stake_usd"": 2.0, ""shares"": 10.2564}, {""market_id"": ""2161814"", ""bin_label"": ""18\u00b0C"", ""bin_min"": 17.5, ""bin_max"": 18.5, ""price_yes"": 0.0565, ""stake_usd"": 2.0, ""shares"": 35.3982}, {""market_id"": ""2161815"", ""bin_label"": ""19\u00b0C"", ""bin_min"": 18.5, ""bin_max"": 19.5, ""price_yes"": 0.024, ""stake_usd"": 2.0, ""shares"": 83.3333}, {""market_id"": ""2161812"", ""bin_label"": ""16\u00b0C"", ""bin_min"": 15.5, ""bin_max"": 16.5, ""price_yes"": 0.355, ""stake_usd"": 2.0, ""shares"": 5.6338}, {""market_id"": ""2161816"", ""bin_label"": ""20\u00b0C or higher"", ""bin_min"": 20.0, ""bin_max"": null, ""price_yes"": 0.0065, ""stake_usd"": 2.0, ""shares"": 307.6923}]",10.0,resolved_loss,2026-05-07 21:07:22.338201,15.0,,-10.0,,
8,448455,2026-05-05 13:12:32.368456,84.8300006866455,0.906,0.103752759381898,"[{""market_id"": ""2156866"", ""bin_label"": ""82-83\u00b0F"", ""bin_min"": 82.0, ""bin_max"": 83.0, ""price_yes"": 0.014, ""stake_usd"": 2.0, ""shares"": 142.8571}, {""market_id"": ""2156867"", ""bin_label"": ""84-85\u00b0F"", ""bin_min"": 84.0, ""bin_max"": 85.0, ""price_yes"": 0.1, ""stake_usd"": 2.0, ""shares"": 20.0}, {""market_id"": ""2156868"", ""bin_label"": ""86-87\u00b0F"", ""bin_min"": 86.0, ""bin_max"": 87.0, ""price_yes"": 0.445, ""stake_usd"": 2.0, ""shares"": 4.4944}, {""market_id"": ""2156865"", ""bin_label"": ""80-81\u00b0F"", ""bin_min"": 80.0, ""bin_max"": 81.0, ""price_yes"": 0.002, ""stake_usd"": 2.0, ""shares"": 1000.0}, {""market_id"": ""2156869"", ""bin_label"": ""88-89\u00b0F"", ""bin_min"": 88.0, ""bin_max"": 89.0, ""price_yes"": 0.345, ""stake_usd"": 2.0, ""shares"": 5.7971}]",10.0,resolved_loss,2026-05-07 05:42:32.744572,87.306799697876,,-10.0,,
9,450186,2026-05-05 13:46:27.162694,62.8016002655029,0.9015,0.109262340543539,"[{""market_id"": ""2161886"", ""bin_label"": ""60-61\u00b0F"", ""bin_min"": 60.0, ""bin_max"": 61.0, ""price_yes"": 0.215, ""stake_usd"": 2.0, ""shares"": 9.3023}, {""market_id"": ""2161887"", ""bin_label"": ""62-63\u00b0F"", ""bin_min"": 62.0, ""bin_max"": 63.0, ""price_yes"": 0.335, ""stake_usd"": 2.0, ""shares"": 5.9701}, {""market_id"": ""2161888"", ""bin_label"": ""64-65\u00b0F"", ""bin_min"": 64.0, ""bin_max"": 65.0, ""price_yes"": 0.235, ""stake_usd"": 2.0, ""shares"": 8.5106}, {""market_id"": ""2161885"", ""bin_label"": ""58-59\u00b0F"", ""bin_min"": 58.0, ""bin_max"": 59.0, ""price_yes"": 0.0315, ""stake_usd"": 2.0, ""shares"": 63.4921}, {""market_id"": ""2161889"", ""bin_label"": ""66-67\u00b0F"", ""bin_min"": 66.0, ""bin_max"": 67.0, ""price_yes"": 0.085, ""stake_usd"": 2.0, ""shares"": 23.5294}]",10.0,resolved_loss,2026-05-07 21:07:22.595575,65.4457988739014,,-10.0,,
10,450209,2026-05-05 13:46:27.216752,74.6821983337402,0.5245,0.906577693040992,"[{""market_id"": ""2162140"", ""bin_label"": ""72-73\u00b0F"", ""bin_min"": 72.0, ""bin_max"": 73.0, ""price_yes"": 0.135, ""stake_usd"": 2.0, ""shares"": 14.8148}, {""market_id"": ""2162141"", ""bin_label"": ""74-75\u00b0F"", ""bin_min"": 74.0, ""bin_max"": 75.0, ""price_yes"": 0.115, ""stake_usd"": 2.0, ""shares"": 17.3913}, {""market_id"": ""2162142"", ""bin_label"": ""76-77\u00b0F"", ""bin_min"": 76.0, ""bin_max"": 77.0, ""price_yes"": 0.115, ""stake_usd"": 2.0, ""shares"": 17.3913}, {""market_id"": ""2162139"", ""bin_label"": ""70-71\u00b0F"", ""bin_min"": 70.0, ""bin_max"": 71.0, ""price_yes"": 0.14, ""stake_usd"": 2.0, ""shares"": 14.2857}, {""market_id"": ""2162143"", ""bin_label"": ""78-79\u00b0F"", ""bin_min"": 78.0, ""bin_max"": 79.0, ""price_yes"": 0.0195, ""stake_usd"": 2.0, ""shares"": 102.5641}]",10.0,resolved_win,2026-05-07 21:07:22.849987,70.3282981872559,2162139,4.2857,,
11,446679,2026-05-05 14:20:46.851699,12.3956670761108,0.8435,0.185536455245999,"[{""market_id"": ""2152528"", ""bin_label"": ""11\u00b0C"", ""bin_min"": 10.5, ""bin_max"": 11.5, ""price_yes"": 0.3, ""stake_usd"": 2.0, ""shares"": 6.6667}, {""market_id"": ""2152531"", ""bin_label"": ""12\u00b0C"", ""bin_min"": 11.5, ""bin_max"": 12.5, ""price_yes"": 0.19, ""stake_usd"": 2.0, ""shares"": 10.5263}, {""market_id"": ""2152533"", ""bin_label"": ""13\u00b0C"", ""bin_min"": 12.5, ""bin_max"": 13.5, ""price_yes"": 0.195, ""stake_usd"": 2.0, ""shares"": 10.2564}, {""market_id"": ""2152524"", ""bin_label"": ""10\u00b0C"", ""bin_min"": 9.5, ""bin_max"": 10.5, ""price_yes"": 0.14, ""stake_usd"": 2.0, ""shares"": 14.2857}, {""market_id"": ""2152536"", ""bin_label"": ""14\u00b0C"", ""bin_min"": 13.5, ""bin_max"": 14.5, ""price_yes"": 0.0185, ""stake_usd"": 2.0, ""shares"": 108.1081}]",10.0,resolved_win,2026-05-07 05:42:32.995827,10.1865005493164,2152524,4.2857,,
12,450165,2026-05-05 15:44:52.001626,15.8055000305176,0.8285,0.207000603500302,"[{""market_id"": ""2161762"", ""bin_label"": ""15\u00b0C"", ""bin_min"": 14.5, ""bin_max"": 15.5, ""price_yes"": 0.041, ""stake_usd"": 2.0, ""shares"": 48.7805}, {""market_id"": ""2161763"", ""bin_label"": ""16\u00b0C"", ""bin_min"": 15.5, ""bin_max"": 16.5, ""price_yes"": 0.265, ""stake_usd"": 2.0, ""shares"": 7.5472}, {""market_id"": ""2161764"", ""bin_label"": ""17\u00b0C"", ""bin_min"": 16.5, ""bin_max"": 17.5, ""price_yes"": 0.255, ""stake_usd"": 2.0, ""shares"": 7.8431}, {""market_id"": ""2161761"", ""bin_label"": ""14\u00b0C"", ""bin_min"": 13.5, ""bin_max"": 14.5, ""price_yes"": 0.0075, ""stake_usd"": 2.0, ""shares"": 266.6667}, {""market_id"": ""2161765"", ""bin_label"": ""18\u00b0C"", ""bin_min"": 17.5, ""bin_max"": 18.5, ""price_yes"": 0.26, ""stake_usd"": 2.0, ""shares"": 7.6923}]",10.0,resolved_win,2026-05-07 21:07:23.105537,15.0454998016357,2161762,38.7805,,
13,450183,2026-05-05 15:44:52.027824,21.5456670125326,0.205,3.8780487804878,"[{""market_id"": ""2161859"", ""bin_label"": ""20\u00b0C"", ""bin_min"": 19.5, ""bin_max"": 20.5, ""price_yes"": 0.051, ""stake_usd"": 3.3333, ""shares"": 65.3595}, {""market_id"": ""2161860"", ""bin_label"": ""21\u00b0C or higher"", ""bin_min"": 21.0, ""bin_max"": null, ""price_yes"": 0.019, ""stake_usd"": 3.3333, ""shares"": 175.4386}, {""market_id"": ""2161858"", ""bin_label"": ""19\u00b0C"", ""bin_min"": 18.5, ""bin_max"": 19.5, ""price_yes"": 0.135, ""stake_usd"": 3.3333, ""shares"": 24.6914}]",10.0,resolved_win,2026-05-07 21:07:23.354159,19.3864994049072,2161858,14.6914,,
14,450154,2026-05-05 15:44:52.154406,10.7956663767497,0.816,0.225490196078431,"[{""market_id"": ""2161704"", ""bin_label"": ""10\u00b0C"", ""bin_min"": 9.5, ""bin_max"": 10.5, ""price_yes"": 0.101, ""stake_usd"": 2.0, ""shares"": 19.802}, {""market_id"": ""2161705"", ""bin_label"": ""11\u00b0C"", ""bin_min"": 10.5, ""bin_max"": 11.5, ""price_yes"": 0.14, ""stake_usd"": 2.0, ""shares"": 14.2857}, {""market_id"": ""2161706"", ""bin_label"": ""12\u00b0C"", ""bin_min"": 11.5, ""bin_max"": 12.5, ""price_yes"": 0.37, ""stake_usd"": 2.0, ""shares"": 5.4054}, {""market_id"": ""2161703"", ""bin_label"": ""9\u00b0C"", ""bin_min"": 8.5, ""bin_max"": 9.5, ""price_yes"": 0.04, ""stake_usd"": 2.0, ""shares"": 50.0}, {""market_id"": ""2161707"", ""bin_label"": ""13\u00b0C"", ""bin_min"": 12.5, ""bin_max"": 13.5, ""price_yes"": 0.165, ""stake_usd"": 2.0, ""shares"": 12.1212}]",10.0,resolved_win,2026-05-07 21:07:23.362306,9.73650074005127,2161704,9.802,,
15,446700,2026-05-06 05:39:19.413997,74.8099990844727,0.7225,0.384083044982699,"[{""market_id"": ""2152575"", ""bin_label"": ""72-73\u00b0F"", ""bin_min"": 72.0, ""bin_max"": 73.0, ""price_yes"": 0.11, ""stake_usd"": 2.0, ""shares"": 18.1818}, {""market_id"": ""2152576"", ""bin_label"": ""74-75\u00b0F"", ""bin_min"": 74.0, ""bin_max"": 75.0, ""price_yes"": 0.295, ""stake_usd"": 2.0, ""shares"": 6.7797}, {""market_id"": ""2152577"", ""bin_label"": ""76-77\u00b0F"", ""bin_min"": 76.0, ""bin_max"": 77.0, ""price_yes"": 0.255, ""stake_usd"": 2.0, ""shares"": 7.8431}, {""market_id"": ""2152573"", ""bin_label"": ""70-71\u00b0F"", ""bin_min"": 70.0, ""bin_max"": 71.0, ""price_yes"": 0.035, ""stake_usd"": 2.0, ""shares"": 57.1429}, {""market_id"": ""2152578"", ""bin_label"": ""78-79\u00b0F"", ""bin_min"": 78.0, ""bin_max"": 79.0, ""price_yes"": 0.0275, ""stake_usd"": 2.0, ""shares"": 72.7273}]",10.0,resolved_partial,2026-05-07 05:42:33.011444,74.0767990112305,2152576,-3.2203,,
16,448445,2026-05-06 05:39:19.447114,15.5366662343343,0.5805,0.722652885443583,"[{""market_id"": ""2156760"", ""bin_label"": ""15\u00b0C"", ""bin_min"": 14.5, ""bin_max"": 15.5, ""price_yes"": 0.085, ""stake_usd"": 2.0, ""shares"": 23.5294}, {""market_id"": ""2156761"", ""bin_label"": ""16\u00b0C"", ""bin_min"": 15.5, ""bin_max"": 16.5, ""price_yes"": 0.0245, ""stake_usd"": 2.0, ""shares"": 81.6327}, {""market_id"": ""2156762"", ""bin_label"": ""17\u00b0C"", ""bin_min"": 16.5, ""bin_max"": 17.5, ""price_yes"": 0.0065, ""stake_usd"": 2.0, ""shares"": 307.6923}, {""market_id"": ""2156759"", ""bin_label"": ""14\u00b0C"", ""bin_min"": 13.5, ""bin_max"": 14.5, ""price_yes"": 0.46, ""stake_usd"": 2.0, ""shares"": 4.3478}, {""market_id"": ""2156763"", ""bin_label"": ""18\u00b0C"", ""bin_min"": 17.5, ""bin_max"": 18.5, ""price_yes"": 0.0045, ""stake_usd"": 2.0, ""shares"": 444.4444}]",10.0,resolved_partial,2026-05-07 05:42:33.258267,14.4909992218018,2156759,-5.6522,,
17,450160,2026-05-06 05:39:19.571895,50.1116004943848,0.74,0.351351351351351,"[{""market_id"": ""2161729"", ""bin_label"": ""48-49\u00b0F"", ""bin_min"": 48.0, ""bin_max"": 49.0, ""price_yes"": 0.081, ""stake_usd"": 2.0, ""shares"": 24.6914}, {""market_id"": ""2161730"", ""bin_label"": ""50-51\u00b0F"", ""bin_min"": 50.0, ""bin_max"": 51.0, ""price_yes"": 0.235, ""stake_usd"": 2.0, ""shares"": 8.5106}, {""market_id"": ""2161731"", ""bin_label"": ""52-53\u00b0F"", ""bin_min"": 52.0, ""bin_max"": 53.0, ""price_yes"": 0.3, ""stake_usd"": 2.0, ""shares"": 6.6667}, {""market_id"": ""2161728"", ""bin_label"": ""46-47\u00b0F"", ""bin_min"": 46.0, ""bin_max"": 47.0, ""price_yes"": 0.019, ""stake_usd"": 2.0, ""shares"": 105.2632}, {""market_id"": ""2161732"", ""bin_label"": ""54-55\u00b0F"", ""bin_min"": 54.0, ""bin_max"": 55.0, ""price_yes"": 0.105, ""stake_usd"": 2.0, ""shares"": 19.0476}]",10.0,resolved_loss,2026-05-07 21:07:23.382668,49.6958005905151,,-10.0,,
18,448456,2026-05-06 07:46:49.148708,54.9614000320435,0.8945,0.11794298490777,"[{""market_id"": ""2156878"", ""bin_label"": ""52-53\u00b0F"", ""bin_min"": 52.0, ""bin_max"": 53.0, ""price_yes"": 0.0195, ""stake_usd"": 2.0, ""shares"": 102.5641}, {""market_id"": ""2156879"", ""bin_label"": ""54-55\u00b0F"", ""bin_min"": 54.0, ""bin_max"": 55.0, ""price_yes"": 0.085, ""stake_usd"": 2.0, ""shares"": 23.5294}, {""market_id"": ""2156880"", ""bin_label"": ""56-57\u00b0F"", ""bin_min"": 56.0, ""bin_max"": 57.0, ""price_yes"": 0.39, ""stake_usd"": 2.0, ""shares"": 5.1282}, {""market_id"": ""2156877"", ""bin_label"": ""50-51\u00b0F"", ""bin_min"": 50.0, ""bin_max"": 51.0, ""price_yes"": 0.0125, ""stake_usd"": 2.0, ""shares"": 160.0}, {""market_id"": ""2156881"", ""bin_label"": ""58-59\u00b0F"", ""bin_min"": 58.0, ""bin_max"": 59.0, ""price_yes"": 0.3875, ""stake_usd"": 2.0, ""shares"": 5.1613}]",10.0,resolved_loss,2026-05-07 05:42:33.509026,57.1748001098633,,-10.0,,
19,450139,2026-05-06 07:46:49.647002,8.68666648864746,0.7935,0.260239445494644,"[{""market_id"": ""2161590"", ""bin_label"": ""8\u00b0C"", ""bin_min"": 7.5, ""bin_max"": 8.5, ""price_yes"": 0.3, ""stake_usd"": 2.0, ""shares"": 6.6667}, {""market_id"": ""2161603"", ""bin_label"": ""9\u00b0C"", ""bin_min"": 8.5, ""bin_max"": 9.5, ""price_yes"": 0.26, ""stake_usd"": 2.0, ""shares"": 7.6923}, {""market_id"": ""2161614"", ""bin_label"": ""10\u00b0C"", ""bin_min"": 9.5, ""bin_max"": 10.5, ""price_yes"": 0.02, ""stake_usd"": 2.0, ""shares"": 100.0}, {""market_id"": ""2161580"", ""bin_label"": ""7\u00b0C"", ""bin_min"": 6.5, ""bin_max"": 7.5, ""price_yes"": 0.185, ""stake_usd"": 2.0, ""shares"": 10.8108}, {""market_id"": ""2161624"", ""bin_label"": ""11\u00b0C"", ""bin_min"": 10.5, ""bin_max"": 11.5, ""price_yes"": 0.0285, ""stake_usd"": 2.0, ""shares"": 70.1754}]",10.0,resolved_partial,2026-05-07 21:07:23.396285,7.5,2161590,-3.3333,,
20,453805,2026-05-06 07:46:49.681158,23.7789999643962,0.239,3.18410041841004,"[{""market_id"": ""2171165"", ""bin_label"": ""22\u00b0C"", ""bin_min"": 21.5, ""bin_max"": 22.5, ""price_yes"": 0.074, ""stake_usd"": 3.3333, ""shares"": 45.045}, {""market_id"": ""2171166"", ""bin_label"": ""23\u00b0C or higher"", ""bin_min"": 23.0, ""bin_max"": null, ""price_yes"": 0.04, ""stake_usd"": 3.3333, ""shares"": 83.3333}, {""market_id"": ""2171164"", ""bin_label"": ""21\u00b0C"", ""bin_min"": 20.5, ""bin_max"": 21.5, ""price_yes"": 0.125, ""stake_usd"": 3.3333, ""shares"": 26.6667}]",10.0,open,,,,,,
21,453818,2026-05-06 07:46:49.732126,23.0721664428711,0.6995,0.429592566118656,"[{""market_id"": ""2171304"", ""bin_label"": ""22\u00b0C"", ""bin_min"": 21.5, ""bin_max"": 22.5, ""price_yes"": 0.0455, ""stake_usd"": 2.0, ""shares"": 43.956}, {""market_id"": ""2171305"", ""bin_label"": ""23\u00b0C"", ""bin_min"": 22.5, ""bin_max"": 23.5, ""price_yes"": 0.075, ""stake_usd"": 2.0, ""shares"": 26.6667}, {""market_id"": ""2171306"", ""bin_label"": ""24\u00b0C"", ""bin_min"": 23.5, ""bin_max"": 24.5, ""price_yes"": 0.21, ""stake_usd"": 2.0, ""shares"": 9.5238}, {""market_id"": ""2171303"", ""bin_label"": ""21\u00b0C"", ""bin_min"": 20.5, ""bin_max"": 21.5, ""price_yes"": 0.009, ""stake_usd"": 2.0, ""shares"": 222.2222}, {""market_id"": ""2171307"", ""bin_label"": ""25\u00b0C"", ""bin_min"": 24.5, ""bin_max"": 25.5, ""price_yes"": 0.36, ""stake_usd"": 2.0, ""shares"": 5.5556}]",10.0,open,,,,,,
22,448467,2026-05-06 09:00:27.432284,27.6760012308757,0.017,57.8235294117647,"[{""market_id"": ""2156970"", ""bin_label"": ""27\u00b0C"", ""bin_min"": 26.5, ""bin_max"": 27.5, ""price_yes"": 0.0015, ""stake_usd"": 2.0, ""shares"": 1333.3333}, {""market_id"": ""2156971"", ""bin_label"": ""28\u00b0C"", ""bin_min"": 27.5, ""bin_max"": 28.5, ""price_yes"": 0.0005, ""stake_usd"": 2.0, ""shares"": 4000.0}, {""market_id"": ""2156972"", ""bin_label"": ""29\u00b0C"", ""bin_min"": 28.5, ""bin_max"": 29.5, ""price_yes"": 0.0005, ""stake_usd"": 2.0, ""shares"": 4000.0}, {""market_id"": ""2156969"", ""bin_label"": ""26\u00b0C"", ""bin_min"": 25.5, ""bin_max"": 26.5, ""price_yes"": 0.014, ""stake_usd"": 2.0, ""shares"": 142.8571}, {""market_id"": ""2156973"", ""bin_label"": ""30\u00b0C"", ""bin_min"": 29.5, ""bin_max"": 30.5, ""price_yes"": 0.0005, ""stake_usd"": 2.0, ""shares"": 4000.0}]",10.0,resolved_win,2026-05-07 05:42:33.525348,26.5,2156970,1323.3333,,
23,448452,2026-05-06 09:57:55.501981,70.3916000366211,0.823,0.215066828675577,"[{""market_id"": ""2156838"", ""bin_label"": ""68-69\u00b0F"", ""bin_min"": 68.0, ""bin_max"": 69.0, ""price_yes"": 0.26, ""stake_usd"": 2.0, ""shares"": 7.6923}, {""market_id"": ""2156839"", ""bin_label"": ""70-71\u00b0F"", ""bin_min"": 70.0, ""bin_max"": 71.0, ""price_yes"": 0.185, ""stake_usd"": 2.0, ""shares"": 10.8108}, {""market_id"": ""2156840"", ""bin_label"": ""72-73\u00b0F"", ""bin_min"": 72.0, ""bin_max"": 73.0, ""price_yes"": 0.04, ""stake_usd"": 2.0, ""shares"": 50.0}, {""market_id"": ""2156837"", ""bin_label"": ""66-67\u00b0F"", ""bin_min"": 66.0, ""bin_max"": 67.0, ""price_yes"": 0.33, ""stake_usd"": 2.0, ""shares"": 6.0606}, {""market_id"": ""2156841"", ""bin_label"": ""74\u00b0F or higher"", ""bin_min"": 74.0, ""bin_max"": null, ""price_yes"": 0.008, ""stake_usd"": 2.0, ""shares"": 250.0}]",10.0,resolved_loss,2026-05-07 05:42:33.772699,71.2058002471924,,-10.0,,
24,450190,2026-05-06 14:15:40.456374,56.6413995742798,0.815,0.226993865030675,"[{""market_id"": ""2161928"", ""bin_label"": ""56-57\u00b0F"", ""bin_min"": 56.0, ""bin_max"": 57.0, ""price_yes"": 0.095, ""stake_usd"": 3.3333, ""shares"": 35.0877}, {""market_id"": ""2161929"", ""bin_label"": ""58-59\u00b0F"", ""bin_min"": 58.0, ""bin_max"": 59.0, ""price_yes"": 0.335, ""stake_usd"": 3.3333, ""shares"": 9.9502}, {""market_id"": ""2161930"", ""bin_label"": ""60-61\u00b0F"", ""bin_min"": 60.0, ""bin_max"": 61.0, ""price_yes"": 0.385, ""stake_usd"": 3.3333, ""shares"": 8.658}]",10.0,resolved_loss,2026-05-07 21:07:23.652233,57.2647987365723,,-10.0,,
25,450167,2026-05-06 14:15:40.546006,23.6260007222493,0.817,0.223990208078335,"[{""market_id"": ""2161776"", ""bin_label"": ""23\u00b0C"", ""bin_min"": 22.5, ""bin_max"": 23.5, ""price_yes"": 0.39, ""stake_usd"": 2.0, ""shares"": 5.1282}, {""market_id"": ""2161777"", ""bin_label"": ""24\u00b0C"", ""bin_min"": 23.5, ""bin_max"": 24.5, ""price_yes"": 0.195, ""stake_usd"": 2.0, ""shares"": 10.2564}, {""market_id"": ""2161778"", ""bin_label"": ""25\u00b0C"", ""bin_min"": 24.5, ""bin_max"": 25.5, ""price_yes"": 0.019, ""stake_usd"": 2.0, ""shares"": 105.2632}, {""market_id"": ""2161775"", ""bin_label"": ""22\u00b0C"", ""bin_min"": 21.5, ""bin_max"": 22.5, ""price_yes"": 0.205, ""stake_usd"": 2.0, ""shares"": 9.7561}, {""market_id"": ""2161779"", ""bin_label"": ""26\u00b0C"", ""bin_min"": 25.5, ""bin_max"": 26.5, ""price_yes"": 0.008, ""stake_usd"": 2.0, ""shares"": 250.0}]",10.0,resolved_partial,2026-05-07 21:07:45.052417,22.1000003814697,2161775,-0.2439,,
26,450197,2026-05-06 14:44:42.765053,28.1593341827393,0.8795,0.137009664582149,"[{""market_id"": ""2162009"", ""bin_label"": ""27\u00b0C"", ""bin_min"": 26.5, ""bin_max"": 27.5, ""price_yes"": 0.445, ""stake_usd"": 2.0, ""shares"": 4.4944}, {""market_id"": ""2162010"", ""bin_label"": ""28\u00b0C"", ""bin_min"": 27.5, ""bin_max"": 28.5, ""price_yes"": 0.2, ""stake_usd"": 2.0, ""shares"": 10.0}, {""market_id"": ""2162011"", ""bin_label"": ""29\u00b0C"", ""bin_min"": 28.5, ""bin_max"": 29.5, ""price_yes"": 0.035, ""stake_usd"": 2.0, ""shares"": 57.1429}, {""market_id"": ""2162008"", ""bin_label"": ""26\u00b0C"", ""bin_min"": 25.5, ""bin_max"": 26.5, ""price_yes"": 0.1915, ""stake_usd"": 2.0, ""shares"": 10.4439}, {""market_id"": ""2162012"", ""bin_label"": ""30\u00b0C"", ""bin_min"": 29.5, ""bin_max"": 30.5, ""price_yes"": 0.008, ""stake_usd"": 2.0, ""shares"": 250.0}]",10.0,resolved_win,2026-05-07 21:07:45.062636,28.7000007629395,2162011,47.1429,,
27,453792,2026-05-07 05:42:34.119990,22.7593339284261,0.623,0.605136436597111,"[{""market_id"": ""2171085"", ""bin_label"": ""22\u00b0C"", ""bin_min"": 21.5, ""bin_max"": 22.5, ""price_yes"": 0.12, ""stake_usd"": 2.0, ""shares"": 16.6667}, {""market_id"": ""2171086"", ""bin_label"": ""23\u00b0C"", ""bin_min"": 22.5, ""bin_max"": 23.5, ""price_yes"": 0.115, ""stake_usd"": 2.0, ""shares"": 17.3913}, {""market_id"": ""2171087"", ""bin_label"": ""24\u00b0C"", ""bin_min"": 23.5, ""bin_max"": 24.5, ""price_yes"": 0.295, ""stake_usd"": 2.0, ""shares"": 6.7797}, {""market_id"": ""2171084"", ""bin_label"": ""21\u00b0C"", ""bin_min"": 20.5, ""bin_max"": 21.5, ""price_yes"": 0.008, ""stake_usd"": 2.0, ""shares"": 250.0}, {""market_id"": ""2171088"", ""bin_label"": ""25\u00b0C"", ""bin_min"": 24.5, ""bin_max"": 25.5, ""price_yes"": 0.085, ""stake_usd"": 2.0, ""shares"": 23.5294}]",10.0,open,,,,,,
28,453801,2026-05-07 07:01:12.837833,20.4366671244303,0.909,0.1001100110011,"[{""market_id"": ""2171118"", ""bin_label"": ""19\u00b0C"", ""bin_min"": 18.5, ""bin_max"": 19.5, ""price_yes"": 0.395, ""stake_usd"": 2.0, ""shares"": 5.0633}, {""market_id"": ""2171119"", ""bin_label"": ""20\u00b0C"", ""bin_min"": 19.5, ""bin_max"": 20.5, ""price_yes"": 0.105, ""stake_usd"": 2.0, ""shares"": 19.0476}, {""market_id"": ""2171120"", ""bin_label"": ""21\u00b0C"", ""bin_min"": 20.5, ""bin_max"": 21.5, ""price_yes"": 0.024, ""stake_usd"": 2.0, ""shares"": 83.3333}, {""market_id"": ""2171117"", ""bin_label"": ""18\u00b0C"", ""bin_min"": 17.5, ""bin_max"": 18.5, ""price_yes"": 0.375, ""stake_usd"": 2.0, ""shares"": 5.3333}, {""market_id"": ""2171121"", ""bin_label"": ""22\u00b0C"", ""bin_min"": 21.5, ""bin_max"": 22.5, ""price_yes"": 0.01, ""stake_usd"": 2.0, ""shares"": 200.0}]",10.0,open,,,,,,
29,453785,2026-05-07 07:01:13.007818,48.6715995788574,0.888,0.126126126126126,"[{""market_id"": ""2171038"", ""bin_label"": ""46-47\u00b0F"", ""bin_min"": 46.0, ""bin_max"": 47.0, ""price_yes"": 0.205, ""stake_usd"": 2.0, ""shares"": 9.7561}, {""market_id"": ""2171040"", ""bin_label"": ""48-49\u00b0F"", ""bin_min"": 48.0, ""bin_max"": 49.0, ""price_yes"": 0.295, ""stake_usd"": 2.0, ""shares"": 6.7797}, {""market_id"": ""2171041"", ""bin_label"": ""50-51\u00b0F"", ""bin_min"": 50.0, ""bin_max"": 51.0, ""price_yes"": 0.265, ""stake_usd"": 2.0, ""shares"": 7.5472}, {""market_id"": ""2171037"", ""bin_label"": ""44-45\u00b0F"", ""bin_min"": 44.0, ""bin_max"": 45.0, ""price_yes"": 0.008, ""stake_usd"": 2.0, ""shares"": 250.0}, {""market_id"": ""2171042"", ""bin_label"": ""52-53\u00b0F"", ""bin_min"": 52.0, ""bin_max"": 53.0, ""price_yes"": 0.115, ""stake_usd"": 2.0, ""shares"": 17.3913}]",10.0,open,,,,,,
30,453819,2026-05-07 08:43:19.961545,24.9760004679362,0.132,6.57575757575758,"[{""market_id"": ""2171313"", ""bin_label"": ""24\u00b0C"", ""bin_min"": 23.5, ""bin_max"": 24.5, ""price_yes"": 0.004, ""stake_usd"": 2.0, ""shares"": 500.0}, {""market_id"": ""2171314"", ""bin_label"": ""25\u00b0C"", ""bin_min"": 24.5, ""bin_max"": 25.5, ""price_yes"": 0.004, ""stake_usd"": 2.0, ""shares"": 500.0}, {""market_id"": ""2171315"", ""bin_label"": ""26\u00b0C"", ""bin_min"": 25.5, ""bin_max"": 26.5, ""price_yes"": 0.0235, ""stake_usd"": 2.0, ""shares"": 85.1064}, {""market_id"": ""2171312"", ""bin_label"": ""23\u00b0C"", ""bin_min"": 22.5, ""bin_max"": 23.5, ""price_yes"": 0.0005, ""stake_usd"": 2.0, ""shares"": 4000.0}, {""market_id"": ""2171316"", ""bin_label"": ""27\u00b0C"", ""bin_min"": 26.5, ""bin_max"": 27.5, ""price_yes"": 0.1, ""stake_usd"": 2.0, ""shares"": 20.0}]",10.0,open,,,,,,
31,453769,2026-05-07 12:46:02.671405,10.0699993769328,0.6875,0.454545454545455,"[{""market_id"": ""2170957"", ""bin_label"": ""9\u00b0C"", ""bin_min"": 8.5, ""bin_max"": 9.5, ""price_yes"": 0.345, ""stake_usd"": 2.0, ""shares"": 5.7971}, {""market_id"": ""2170959"", ""bin_label"": ""10\u00b0C"", ""bin_min"": 9.5, ""bin_max"": 10.5, ""price_yes"": 0.105, ""stake_usd"": 2.0, ""shares"": 19.0476}, {""market_id"": ""2170962"", ""bin_label"": ""11\u00b0C"", ""bin_min"": 10.5, ""bin_max"": 11.5, ""price_yes"": 0.055, ""stake_usd"": 2.0, ""shares"": 36.3636}, {""market_id"": ""2170955"", ""bin_label"": ""8\u00b0C"", ""bin_min"": 7.5, ""bin_max"": 8.5, ""price_yes"": 0.16, ""stake_usd"": 2.0, ""shares"": 12.5}, {""market_id"": ""2170964"", ""bin_label"": ""12\u00b0C"", ""bin_min"": 11.5, ""bin_max"": 12.5, ""price_yes"": 0.0225, ""stake_usd"": 2.0, ""shares"": 88.8889}]",10.0,open,,,,,,
32,457236,2026-05-08 15:24:56.911503,22.8554992675781,0.909,0.1001100110011,"[{""market_id"": ""2179263"", ""bin_label"": ""22\u00b0C"", ""bin_min"": 21.5, ""bin_max"": 22.5, ""price_yes"": 0.0565, ""stake_usd"": 2.0, ""shares"": 35.3982}, {""market_id"": ""2179264"", ""bin_label"": ""23\u00b0C"", ""bin_min"": 22.5, ""bin_max"": 23.5, ""price_yes"": 0.335, ""stake_usd"": 2.0, ""shares"": 5.9701}, {""market_id"": ""2179265"", ""bin_label"": ""24\u00b0C"", ""bin_min"": 23.5, ""bin_max"": 24.5, ""price_yes"": 0.435, ""stake_usd"": 2.0, ""shares"": 4.5977}, {""market_id"": ""2179262"", ""bin_label"": ""21\u00b0C"", ""bin_min"": 20.5, ""bin_max"": 21.5, ""price_yes"": 0.0125, ""stake_usd"": 2.0, ""shares"": 160.0}, {""market_id"": ""2179266"", ""bin_label"": ""25\u00b0C"", ""bin_min"": 24.5, ""bin_max"": 25.5, ""price_yes"": 0.07, ""stake_usd"": 2.0, ""shares"": 28.5714}]",10.0,open,,,,,,
33,457184,2026-05-08 15:24:56.923419,7.83666642506917,0.8915,0.121704991587213,"[{""market_id"": ""2178895"", ""bin_label"": ""7\u00b0C"", ""bin_min"": 6.5, ""bin_max"": 7.5, ""price_yes"": 0.024, ""stake_usd"": 2.0, ""shares"": 83.3333}, {""market_id"": ""2178897"", ""bin_label"": ""8\u00b0C"", ""bin_min"": 7.5, ""bin_max"": 8.5, ""price_yes"": 0.13, ""stake_usd"": 2.0, ""shares"": 15.3846}, {""market_id"": ""2178899"", ""bin_label"": ""9\u00b0C"", ""bin_min"": 8.5, ""bin_max"": 9.5, ""price_yes"": 0.385, ""stake_usd"": 2.0, ""shares"": 5.1948}, {""market_id"": ""2178893"", ""bin_label"": ""6\u00b0C"", ""bin_min"": 5.5, ""bin_max"": 6.5, ""price_yes"": 0.0075, ""stake_usd"": 2.0, ""shares"": 266.6667}, {""market_id"": ""2178901"", ""bin_label"": ""10\u00b0C"", ""bin_min"": 9.5, ""bin_max"": 10.5, ""price_yes"": 0.345, ""stake_usd"": 2.0, ""shares"": 5.7971}]",10.0,open,,,,,,
